Outlier Number,name,gal_l,gal_b,err_ellipse_r0,err_ellipse_r1,err_ellipse_ang,significance,hard_hm,hard_hs,nh_gal,acis_num,acis_time,likelihood,flux_powlaw,powlaw_gamma,powlaw_nh,powlaw_ampl,powlaw_stat,flux_bb,bb_kt,bb_nh,bb_ampl,bb_stat,flux_brems,brems_kt,brems_nh,brems_norm,brems_stat,SIMBAD Best Match,SIMBAD Object Type
1, 2CXO J004258.6+411527,121.22207,-21.58614,0.72,0.71,84.2,24.42,-0.1711,-0.3198,6.69,108,781264.0,3987.615,6.4379999999999984e-18,-2.03,2788.0,1.412e-08,16.078,4.879e-15,0.8408,9771.0,9.56e-05,16.077,1.379e-15,2.434,8703.0,0.00025069999999999997,16.077,[BGP2014] 365,X
2, 2CXO J004617.7-420751,306.60828,-74.96053,0.71,0.71,100.4,12.92,0.9107,0.9194,2.15,1,18381.9,1038.6989999999996,2.622e-13,-1.103,1.351e-05,1.227e-06,1.249,1.557e-13,74.8,6.153,1.957e-08,1.3019999999999998,2.204e-13,100.0,852.1,0.0001804,3.5789999999999997,2MASX J00461775-4207512,AGN
3, 2CXO J010212.0-215209,148.46987,-84.19968,1.02,0.86,81.4,9.79,0.9694,0.7245,1.6,4,193701.1,325.209,4.359e-14,-1.9240000000000002,2.136e-05,5.457000000000001e-08,1.5,3.195e-14,93.05,403.5,3.246e-09,1.77,4.102e-14,100.0,2108.0,5.621e-05,2.385,LEDA 822608,AGN
4, 2CXO J010337.6-720146,301.60123,-45.067209999999996,0.72,0.72,94.1,16.52,0.1874,0.5784,6.65,158,1362812.1,126.279,7.36e-15,10.0,95.2,9.391e-06,1.6480000000000001,1.022e-15,0.1596,5.407,0.00046369999999999994,1.645,1.223e-15,0.5942,3.812e-07,2.16e-06,1.651,No object found.,
5, 2CXO J010852.8+132014,129.4484,-49.31366,0.71,0.71,96.9,44.52,0.8432,0.7945,4.0,2,39831.6,11778.01,1.4019999999999999e-12,-1.5119999999999998,1.124e-06,3.3619999999999997e-06,3.327,1.375e-12,63.12,0.001126,1.08e-07,3.698,1.385e-12,100.0,2412.0,0.002093,5.604,2C 94,Sy2
6, 2CXO J011424.9-552349,296.10686,-61.42565,0.71,0.71,179.3,13.78,0.8907,0.8607,2.72,1,4934.5,1366.604,1.083e-12,-1.128,1.044e-06,4.878e-06,2.966,7.739999999999999e-13,66.64,1.4369999999999998,8.953e-08,3.053,1.063e-12,100.0,1163.0,0.0010140000000000001,3.6689999999999996,2MASX J01142491-5523497,Sy2
7, 2CXO J020106.4-064856,165.25432,-63.80481999999999,0.71,0.71,77.7,28.29,0.757,0.3835,2.08,1,13614.0,4443.4,1.115e-12,-1.435,1.18e-06,3.128e-06,7.416,1.211e-12,42.1,7.886e-07,1.403e-07,7.516,2.586e-13,19.74,2.385e-06,6.305e-05,9.261000000000001,NGC 788,Sy2
8, 2CXO J022556.1-044723,172.35547,-58.279830000000004,3.03,2.68,89.5,7.99,0.376,-0.1199,2.51,1,74940.7,103.3094,2.095e-14,1.89,3.356e-09,4.717e-06,1.295,8.106e-15,0.3053,4.317e-05,0.0001296,1.8519999999999999,2.045e-14,5.312,4.503e-05,5.4470000000000005e-06,1.4280000000000002,2XLSSd J022556.2-044725,QSO
9, 2CXO J024104.8-081520,182.01958,-57.925419999999995,0.71,0.71,130.1,72.28,0.7433,0.7183,3.07,2,61539.8,26468.08,1.7690000000000004e-12,-0.239,2.762e-07,3.164e-05,1.578,1.737e-12,2.867,2.82e-07,9.138e-06,2.0909999999999997,1.3449999999999998e-12,100.0,232.1,0.0006935,5.501,NGC 1052,AGN
10, 2CXO J031632.4+420445,149.73451,-13.11765,5.53,2.16,100.8,8.27,0.6571,0.7021,14.49,4,149142.6,139.56799999999998,5.231e-14,-0.302,0.00014690000000000002,9.898e-07,1.199,3.7810000000000005e-14,2.738,5.073e-06,3.2810000000000003e-07,1.197,5.066e-14,100.0,328.0,2.806e-05,1.2209999999999999,No object found.,
11, 2CXO J031948.1+413042,150.57574,-13.261239999999999,0.71,0.71,0.0,167.75,0.792,0.8532,14.56,11,777355.1,106623.4,1.246e-12,-0.43799999999999994,3.0760000000000003e-07,1.65e-05,1.544,1.217e-12,3.815,2.668e-07,3.688e-06,1.911,9.225e-13,100.0,245.1,0.0004814,4.559,3C 84,Sy2
12, 2CXO J031953.1+412953,150.59687,-13.263829999999999,0.72,0.72,0.0,9.69,-0.5646,-0.8507,14.58,17,1258162.0,74.61462,3.063e-15,10.0,140.1,0.0001118,0.8640000000000001,2.9890000000000003e-15,0.1711,39.1,0.002581,0.868,5.189e-15,13.58,4.132e-07,1.294e-06,1.145,No object found.,
13, 2CXO J033218.3-275055,223.63289,-54.47861999999999,0.71,0.71,67.6,27.96,0.8595,0.7558,0.9,81,5580092.1,2924.8979999999997,3.877000000000001e-15,-0.185,5.003e-05,8.447000000000001e-08,0.94,3.695e-15,2.699,5.845e-06,2.5669999999999998e-08,0.9790000000000001,4.228e-15,100.0,274.6,2.241e-06,1.046,ATCDFS J033218.03-275056.2,Sy2
14, 2CXO J033225.8-275507,223.75919,-54.461619999999996,0.8,0.8,120.6,7.92,-0.0512,-0.3323,0.9,83,5820752.7,86.47445,3.6310000000000005e-14,9.995,281.5,0.0001094,0.875,3.002e-16,0.2094,109.5,0.00021180000000000005,0.879,4.845e-16,4.104,1.523e-05,1.4960000000000002e-07,0.983,[LBX2017] 464,AGN
15, 2CXO J033251.6-275213,223.70073,-54.36036,0.92,0.78,1.5,8.38,0.6171,0.6583,0.9,84,5826097.0,128.842,6.787e-17,0.747,6.3639999999999995e-06,6.112000000000001e-08,0.652,8.891e-16,0.4827,1749.0,5.543e-05,0.652,9.246e-16,0.8037,1850.0,0.0001512,0.652,CXOCDFS J033251.8-275214,AGN
16, 2CXO J033336.3-360825,237.95611,-54.598119999999994,0.71,0.71,94.0,43.76,0.872,0.8245,1.42,7,101930.8,39618.71,3.094e-12,-2.242,1.191e-06,2.13e-06,3.9939999999999998,8.565999999999999e-11,127.1,1071.0,2.116e-07,4.638,3.0649999999999996e-12,100.0,2937.0,0.005461,4.788,NGC 1365,Sy1
17, 2CXO J033846.0-352251,236.59696,-53.57966,0.78,0.75,24.8,11.95,0.8045,0.5746,1.46,2,73744.0,608.6534,7.996000000000002e-14,-0.316,4.853e-06,1.302e-06,1.883,6.871e-14,3.285,6.4820000000000025e-06,3.228e-07,1.992,7.047999999999997e-14,100.0,556.3,4.807e-05,2.98,2MASS J03384601-3522520,Sy2
18, 2CXO J041755.0-571331,267.43743,-43.04091,3.48,2.38,150.1,10.26,0.065,-0.3948,1.9,1,3986.2,310.1973,3.205e-13,1.999,4.391e-08,7.869e-05,0.401,1.621e-13,0.2846,2.962e-07,0.003065,1.625,2.617e-13,2.117,1.08e-07,0.0001149,0.6509999999999999,No object found.,
19, 2CXO J042340.7+040801,189.98726000000002,-30.03955,0.71,0.71,0.0,18.97,0.8045,0.5846,13.0,1,19081.9,1896.989,4.686e-13,-1.544,2.815e-06,1.058e-06,5.86,5.024e-13,41.49,3.085e-08,5.585e-08,6.09,5.041e-13,100.0,3459.0,0.001058,7.681,2MASX J04234080+0408017,Sy2
20, 2CXO J052723.0-124156,215.20429,-24.303739999999998,0.71,0.71,29.3,12.14,0.9294,0.9631,9.93,1,49382.7,1014.4939999999999,7.354e-14,-0.271,219.8,1.748e-06,2.799,6.443e-14,3.804,177.1,2.945e-07,2.7439999999999998,7.811000000000001e-14,100.0,790.3,6.167e-05,3.366,LEDA 948925,G
21, 2CXO J053517.9-052055,208.97507,-19.35989,0.71,0.71,94.1,16.79,0.9482,0.9532,19.46,11,955890.1,1205.861,1.123e-14,-0.732,133.0,1.1900000000000001e-07,1.63,9.481000000000001e-15,9.699,116.9,1.042e-08,1.625,1.137e-14,100.0,872.8,9.279e-06,2.336,V* V2314 Ori B,Y*O
22, 2CXO J054332.9-273905,232.13832999999997,-26.21502000000001,0.73,0.72,118.2,12.12,0.777,0.6508,2.23,1,5023.1,990.463,7.869e-13,-1.347,6.005e-06,2.602e-06,3.862,1.861e-12,58.04,0.2328,7.531e-08,4.058,8.386e-13,100.0,2940.0,0.001517,6.2829999999999995,ESO 424-12,Sy2
23, 2CXO J054522.3+090412,197.10917,-10.25127,0.71,0.71,95.1,14.96,0.862,0.7595,23.09,1,98867.6,1408.2079999999999,5.039e-14,-0.57,3.666e-06,5.508e-07,2.9589999999999996,4.453e-14,4.423,6.632e-06,1.176e-07,2.947,4.711e-14,100.0,483.1,3.028e-05,4.024,V* FU Ori,Or*
24, 2CXO J065212.3+742537,140.32746,26.10676,0.71,0.71,0.0,70.25,0.7108,0.6508,6.38,1,74054.5,27881.14,1.34e-12,-0.155,2.911e-07,2.721e-05,3.036,1.4099999999999998e-12,3.846,2.7870000000000003e-07,4.2389999999999996e-06,4.1530000000000005,6.349e-13,100.0,35.9,0.0002365000000000001,7.888,IC 450,Sy1
25, 2CXO J071746.4+375627,180.07622,21.151770000000006,1.18,0.93,19.7,10.19,0.8795,0.7033,6.19,2,164495.5,288.9248,6.533e-14,-2.696,2.109e-05,1.981e-08,2.525,4.3010000000000004e-14,129.0,1386.0,4.368e-09,2.8819999999999997,5.668e-14,100.0,3698.0,0.0001274,3.265,LEDA 2113590,G
26, 2CXO J074409.1+291451,190.88019,23.56719,0.71,0.71,87.6,12.53,0.7683,0.3448,4.09,1,10817.1,912.6927,2.317e-13,-0.44,3.716e-06,3.26e-06,6.3610000000000015,1.832e-13,5.6320000000000014,4.805e-06,4.1039999999999997e-07,6.8020000000000005,1.428e-13,100.0,200.2,7.26e-05,10.059,UGC 3995 B,Sy2
27, 2CXO J080405.8+050649,216.69582999999997,18.481379999999998,0.71,0.71,0.0,92.59,0.8245,0.5584,3.53,6,58638.1,64078.21,3.305e-12,-1.042,7.65e-08,1.686e-05,4.819,2.27e-12,58.6,1.536e-07,3.146e-07,4.846,3.0860000000000004e-12,100.0,1409.0,0.003201,7.284,Mrk 1210,Sy2
28, 2CXO J080853.6-102739,231.4235,11.96973,0.71,0.71,88.6,19.13,0.8782,0.6758,7.63,1,19784.7,2078.354,4.46e-13,-0.925,2.655e-06,2.839e-06,3.5069999999999997,3.863e-13,25.55,7.046e-06,1.0929999999999999e-07,3.5060000000000002,4.039e-13,100.0,878.8,0.0003324,5.415,3C 195,Sy2
29, 2CXO J085241.3+332518,190.45474,38.76079,0.74,0.72,95.3,16.52,0.872,0.8595,2.98,2,40262.8,1278.853,2.689e-13,-1.6669999999999998,9.434999999999999e-07,5.001e-07,1.8619999999999999,1.788e-13,91.44,238.3,1.7969999999999998e-08,2.677,2.411e-13,100.0,1790.0,0.0002998,3.5189999999999997,NGC 2683,AGN
30, 2CXO J090036.8+205340,206.44342,37.3618,0.71,0.71,127.5,26.01,0.7183,0.6309,3.37,2,49689.2,2004.194,4.297e-13,-0.32299999999999995,6.904000000000001e-07,6.735e-06,2.157,4.254e-13,5.1770000000000005,1.44e-06,8.06e-07,2.376,4e-13,100.0,797.5,0.0003111,3.846,2MASX J09003684+2053402,Sy2
31, 2CXO J094945.8+731423,138.05705,38.07977,0.71,0.71,75.1,20.37,0.8282,0.7133,2.33,1,28520.5,2630.328,4.683e-13,-1.55,2.102e-06,1.024e-06,2.855,5.911e-13,59.36,0.1571,3.837e-08,3.2039999999999997,4.363e-13,100.0,2425.0,0.0006603,4.822,7C 094437.60+732735.00,Sy2
32, 2CXO J100149.5+284708,200.20681000000002,52.706830000000004,0.71,0.71,175.5,15.54,0.7858,0.4797,2.14,1,7945.5,1732.5829999999999,5.521e-13,-0.254,2.318e-06,9.869e-06,4.5710000000000015,5.189e-13,4.302,1.5909999999999999e-06,1.464e-06,5.078,4.401e-13,100.0,351.0,0.00025269999999999996,7.934,7C 095855.89+290131.00,Sy1
33, 2CXO J100502.9-074643,247.79925,36.7066,1.0,0.77,171.2,8.7,0.727,0.3848,4.61,11,1138619.7,143.5762,1.453e-15,0.8140000000000001,1.638e-05,1.175e-07,1.449,1.211e-15,1.109,2.176e-05,1.034e-07,1.492,1.361e-15,100.0,13.11,4.384e-07,1.515,[LIW2015] 253,AGN
34, 2CXO J100534.5-073816,247.78019,36.89814000000001,0.82,0.77,87.2,26.51,0.8382,0.6921,4.59,8,902118.9,1563.965,3.0289999999999996e-14,-0.614,4.02e-06,3.071e-07,1.65,2.7339999999999997e-14,5.331,4.3969999999999996e-06,5.2279999999999996e-08,1.6540000000000001,2.7389999999999997e-14,100.0,633.4,1.957e-05,2.407,[LIW2015] 240,AGN
35, 2CXO J101623.6-585542,284.06992,-1.8562900000000002,0.72,0.71,139.5,15.52,0.9332,0.9394,151.3,1,18719.9,1641.229,5.161e-13,-2.12,2.416e-05,4.305e-07,1.536,2.998e-13,114.6,450.7,2.9389999999999997e-08,1.7169999999999999,4.331e-13,100.0,1696.0,0.0005081,2.576,2MASS J10162366-5855427,*
36, 2CXO J104749.4+122748,233.67788,57.5707,0.86,0.81,13.2,12.18,0.8957,0.8245,2.79,7,375598.8,341.0246,2.7639999999999996e-14,-0.262,65.85,5.576e-07,2.031,2.518e-14,3.4330000000000003,37.85,1.1279999999999999e-07,1.9340000000000002,2.6739999999999998e-14,100.0,518.5,1.771e-05,2.7110000000000003,2MASX J10474945+1227487,Sy1
37, 2CXO J110548.4-000250,255.54356,52.820319999999995,0.72,0.71,153.4,10.75,0.8682,0.9407,4.07,2,81403.6,796.1023,4.9439999999999996e-14,-0.622,53.14,5.682e-07,0.213,4.054e-14,7.263,33.32,6.138e-08,0.217,4.268e-14,100.0,445.3,2.702e-05,2.3819999999999997,CXOGSG J110548.4-000250,HXB?
38, 2CXO J113543.9+490216,151.57461999999995,63.66693000000001,1.01,0.91,148.7,17.22,0.9619,0.8819,1.62,1,47256.9,1047.067,2.015e-13,-0.23199999999999998,968.8,7.658e-06,1.815,1.722e-13,4.862,839.2,7.645e-07,1.818,2.355e-13,100.0,1855.0,0.00029769999999999997,1.955,MCG+08-21-065,LIN
39, 2CXO J114528.9+313347,191.83489,74.97651,0.71,0.71,95.9,16.39,0.8482,0.7595,1.93,1,58920.3,1360.5970000000002,8.991e-14,-0.314,4.098e-06,1.426e-06,2.775,8.097000000000003e-14,2.7310000000000003,7.96e-06,5.015e-07,2.752,8.252999999999999e-14,100.0,317.3,4.636e-05,3.847,3C 265,Sy1
40, 2CXO J121032.5+392420,155.07731,75.06311,0.71,0.71,0.0,357.17,0.8382,0.7733,2.06,4,215252.3,543409.2,1.717e-11,-0.6559999999999999,2.381e-07,0.0001617,15.177,1.697e-11,5.5470000000000015,1.549e-07,2.755e-05,15.681,1.3650000000000001e-11,100.0,363.0,0.007965999999999999,38.543,NGC 4151,Sy1
41, 2CXO J121323.1-261807,292.40754,35.790729999999996,0.71,0.71,173.0,20.94,0.7208,0.7333,7.58,1,9906.6,1248.266,9.849e-13,-0.18100000000000002,3.467e-06,1.926e-05,1.635,9.204e-13,3.234,8.619e-07,4.092e-06,2.293,6.96e-13,100.0,147.3,0.00032089999999999994,4.0889999999999995,3FHL J1213.2-2618,BLL
42, 2CXO J121417.8+293143,194.39292,81.48456999999998,0.72,0.72,27.4,12.03,0.8357,0.5684,1.7,1,5023.7,887.3497,8.018e-13,-0.6809999999999999,7.536e-06,7.624e-06,2.2840000000000003,6.575e-13,9.038,1.7080000000000004e-06,6.967e-07,2.419,7.132e-13,100.0,710.6,0.0005095,5.834,7C 121146.50+294816.00,Sy1
43, 2CXO J122546.7+123943,279.12142,74.33559,0.71,0.71,175.4,62.84,0.9032,0.9144,2.71,2,47577.4,18673.84,2.5639999999999996e-12,-1.88,1.251e-06,3.297e-06,2.187,3.2850000000000002e-12,97.69,377.8,1.683e-07,3.0660000000000003,2.292e-12,100.0,1919.0,0.002896,3.988,NGC 4388,Sy2
44, 2CXO J123536.6-395433,299.63892999999996,22.8613,0.71,0.71,87.3,78.58,0.767,0.4997,7.35,1,39596.2,37935.39,3.9589999999999996e-12,-2.069,5.968e-07,3.709e-06,9.832,2.8749999999999998e-12,100.4,1146.0,3.520000000000001e-07,11.513,7.197e-13,19.39,2.196e-06,0.0001704,14.088,NGC 4507,Sy2
45, 2CXO J123611.3+622150,125.98912,54.6735,1.21,0.9,5.9,11.43,0.7658,0.8994,1.55,10,1127464.7,229.8153,2.132e-15,0.363,58.92,1.526e-07,2.504,2.649e-15,2.1790000000000003,0.00024290000000000002,3.048e-08,2.511,2.932e-15,100.0,188.9,1.463e-06,2.541,[R2000] J123611.408+622149.81,X
46, 2CXO J125412.0+273733,72.1577,89.21007,0.71,0.71,88.7,13.03,0.8432,0.8745,0.72,1,24801.9,1130.277,1.862e-13,-0.919,5.863e-06,1.2e-06,2.079,1.664e-13,52.77,7.452000000000003e-06,2.125e-08,2.094,1.792e-13,100.0,1215.0,0.0001727,4.7360000000000015,Coma A,Sy2
47, 2CXO J130414.3-102022,308.09641,52.40378,0.71,0.71,0.0,20.8,0.862,0.6196,3.36,1,13612.5,2677.734000000001,9.717e-13,-2.327,1.66e-05,5.868999999999999e-07,4.774,7.318e-12,116.9,1019.0,7.01e-08,5.4670000000000005,9.32e-13,100.0,2967.0,0.001685,5.876,NGC 4939,Sy2
48, 2CXO J132117.8+423515,103.38401,73.38874,0.71,0.71,37.1,18.16,0.9719,0.9706,1.24,1,39623.5,2358.46,2.566e-13,-0.289,1224.0,9.572000000000001e-06,2.141,2.225e-13,4.5969999999999995,1148.0,1.179e-06,2.122,3.015e-13,100.0,2265.0,0.00043919999999999994,2.329,2MASX J13211781+4235153,Sy2
49, 2CXO J133700.1-295145,314.58099,31.97632,0.72,0.71,174.8,10.07,-0.7808,-0.9819,3.7,12,789716.1,125.3933,1.805e-15,10.0,101.5,1.872e-05,1.3090000000000002,1.809e-15,0.1552,11.07,0.001017,1.4,0.0,0.003175,1733.0,3.003e-09,5.082,[LKB2014] X204,X
50, 2CXO J134442.0+555312,108.10613000000001,59.68179,0.71,0.71,59.1,28.44,0.6783,0.6296,1.09,1,44193.4,3089.026,2.5300000000000003e-13,0.004,4.794e-07,6.527e-06,4.985,2.6600000000000003e-13,8.725,8.484e-07,2.84e-07,5.66,1.276e-13,100.0,17.07,4.423e-05,6.689,Mrk 273,Sy2
51, 2CXO J135602.6+182217,5.82112,72.74739,0.71,0.71,178.5,14.48,0.7171,0.456,2.07,1,49325.8,681.7187,6.877000000000003e-14,-0.64,3.118e-06,8.009e-07,5.4570000000000025,6.006e-14,5.6560000000000015,3.7360000000000003e-06,1.289e-07,5.834,2.883e-14,100.0,2.827,9.318e-06,7.566,Mrk 463W,Sy2
52, 2CXO J140644.0+341125,61.13313,72.37106999999997,0.71,0.71,103.1,13.9,0.8882,0.8994,1.21,3,211360.2,876.4251,2.461e-14,-0.731,7.737e-05,2.171e-07,1.564,2.0740000000000002e-14,6.601,5.792e-07,3.21e-08,1.5530000000000002,2.016e-14,100.0,349.2,1.16e-05,2.8080000000000003,3C 294,rG
53, 2CXO J141309.9-652020,311.32601,-3.808,0.71,0.71,0.0,150.47,0.7295,0.9532,59.88,5,225338.9,91947.02,2.062e-12,-0.289,26.95,3.539e-05,10.92,2.146e-12,5.6129999999999995,6.307,3.4689999999999997e-06,11.720999999999998,1.343e-12,100.0,139.7,0.0006181,15.248,CXOU J141310.0-652021,X
54, 2CXO J141314.8-031227,339.15022,53.8101,0.71,0.71,86.4,29.4,0.7783,0.8207,3.82,2,9552.0,3548.71,6.232e-13,-0.332,1.849,1.017e-05,0.87,5.781e-13,2.7689999999999997,4.296e-06,3.5160000000000007e-06,0.91,5.265e-13,100.0,227.1,0.0002715,2.17,NGC 5506,AGN
55, 2CXO J143544.1+350433,59.035669999999996,66.38580999999999,0.77,0.73,106.1,14.21,0.6971,0.361,0.99,4,108131.8,804.668,9.209e-14,-0.9420000000000001,1.373e-07,6.424e-07,3.221,7.82e-14,6.2139999999999995,1.328e-05,1.342e-07,3.424,3.74e-14,100.0,5.994e-06,1.174e-05,4.673,MCG+06-32-072,Sy2
56, 2CXO J144223.8-171511,337.32446,38.09855,0.71,0.71,4.8,19.63,0.7758,0.391,7.83,1,18216.3,1175.515,1.005e-13,1.6230000000000002,1.0779999999999999e-06,1.751e-05,8.584,3.624e-11,33.41,0.1421,4.8120000000000003e-08,10.111,9.542e-14,13.58,5.473e-06,2.235e-05,8.902000000000003,NGC 5728,Sy2
57, 2CXO J144432.9-621659,315.67086,-2.24244,0.87,0.74,90.3,11.29,-0.4297,-0.9032,88.57,2,140821.1,373.7011,6.359e-15,9.602,104.8,7.287e-05,2.144,1.834e-15,2.5860000000000003,4.301e-05,1.208e-08,11.370999999999999,5.486e-15,0.158,62.42,0.005915999999999999,1.9409999999999998,No object found.,
58, 2CXO J154223.3-522309,327.41965,2.1636599999999997,0.71,0.71,0.0,41.75,0.767,0.9432,93.67,1,23742.7,8450.546,1.818e-12,-0.45299999999999996,24.3,2.426e-05,3.3689999999999998,1.893e-12,9.687000000000001,1.975,1.4269999999999996e-06,3.573,1.274e-12,100.0,185.2,0.0006225,5.272,V* QV Nor,HXB 
59, 2CXO J155821.9-140959,356.51457,28.67628,0.72,0.72,112.3,10.01,0.7933,0.6571,11.47,1,40058.0,249.008,8.266e-14,-0.75,6.831000000000001e-07,6.977e-07,1.3769999999999998,6.265e-14,12.92,4.561e-05,4.513999999999999e-08,1.3980000000000001,7.400000000000001e-14,100.0,817.3,5.969e-05,1.9480000000000002,ICRF J155821.9-140959,Sy2
60, 2CXO J161612.9-080739,5.01756,29.18743,12.27,8.45,91.9,11.48,0.6721,0.1824,12.26,1,62409.0,26.14462,5.742000000000002e-14,-0.08800000000000001,1.256e-06,1.277e-06,1.821,3.002e-14,2.577,5.925e-05,3.629e-07,1.841,4.581e-14,100.0,174.7,1.986e-05,1.88,No object found.,
61, 2CXO J162826.8-502239,334.1083700000001,-1.12576,0.71,0.71,135.9,18.05,0.8894,0.9369,159.8,1,4933.7,2504.119,2.247e-12,-1.01,7.593,1.228e-05,1.159,1.7409999999999995e-12,69.47,10.92,1.861e-07,1.16,1.7409999999999995e-12,100.0,532.5,0.001159,3.282,IGR J16287-5021,LXB
62, 2CXO J163201.8-475228,336.32972,0.1688,1.56,1.56,0.0,45.1,0.9931,0.9944,207.8,1,9629.7,11125.87,9.404e-12,-1.028,1742.0,9.888e-05,1.1740000000000002,1.198e-10,182.2,1770.0,5.831e-07,1.1740000000000002,9.6e-12,100.0,3508.0,0.02011,1.531,3FHL J1633.0-4746e,HXB
63, 2CXO J164640.5-442704,340.57127,0.5555100000000001,2.51,1.69,49.5,17.19,0.8320000000000001,0.9569,172.7,1,69154.2,620.0393,2.592e-13,-0.5429999999999999,68.94,3.292e-06,1.075,2.1600000000000004e-13,6.6110000000000015,42.17,3.581e-07,1.088,2.096e-13,100.0,449.4,0.0001311,1.3880000000000001,No object found.,
64, 2CXO J165419.7-414911,343.48733,1.16394,0.71,0.71,93.2,20.85,0.6096,0.9119,123.9,2,120571.8,2685.024000000001,7.709e-14,-0.297,5.736e-05,1.2969999999999998e-06,3.594,6.315e-14,3.112,2.048e-06,3.368e-07,4.218,5.397e-14,100.0,92.04,2.299e-05,4.678,HD 152270,WR*
65, 2CXO J171750.2-373533,349.5841,0.10870999999999999,1.59,1.19,151.0,10.73,0.7345,0.8807,174.1,1,55736.3,263.4786,8.631e-14,-0.098,29.83,2.112e-06,1.061,7.58e-14,3.1180000000000003,1.2229999999999999,4.018e-07,1.171,6.82e-14,100.0,161.9,3.251e-05,2.046,No object found.,
66, 2CXO J174009.1-284725,359.4942,1.09479,0.72,0.72,133.3,11.3,0.7046,0.8869,87.52,2,3310.2,1065.924,1.5800000000000001e-12,-0.251,2.733,2.845e-05,1.145,1.348e-12,2.783,5.1770000000000014e-06,8.623999999999999e-06,1.511,1.194e-12,100.0,152.2,0.0005664,3.0069999999999997,AX J1740.1-2847,X
67, 2CXO J174026.8-365537,352.62588999999997,-3.2724900000000003,0.71,0.71,27.8,12.13,0.7658,0.802,45.18,1,4894.0,963.2344,8.279999999999998e-13,-0.365,2.45e-05,1.242e-05,0.691,7.182e-13,3.471,6.392000000000001e-07,2.966e-06,1.01,6.3e-13,100.0,245.5,0.0003318,3.841,IGR J17404-3655,XB*
68, 2CXO J174429.5-291909,359.54464,0.01005,0.73,0.72,8.8,12.34,0.9781,0.9544,126.5,6,171600.4,421.5239,6.889e-14,-0.9890000000000001,518.5,6.424e-07,0.9990000000000001,1.338e-13,71.83,528.2,9.146e-09,0.9990000000000001,8.202999999999997e-14,100.0,1993.0,0.0001093,1.2670000000000001,CXOU J174429.6-291908,X
69, 2CXO J174510.8-290327,359.84612999999996,0.01864,0.76,0.76,0.0,16.26,0.7758,0.7845,114.3,58,1589456.9,310.9578,1.1790000000000001e-14,-0.866,1.864e-05,8.426e-08,1.159,8.112e-14,63.66,2.984e-05,1.134e-09,1.1640000000000001,1.1e-14,100.0,1155.0,1.051e-05,1.531,CXOU J174510.8-290329,X
70, 2CXO J174512.1-290004,359.89671,0.04401,0.81,0.79,136.0,9.39,0.9731,0.9157,111.7,60,1595126.0,165.09400000000005,7.058e-15,-0.23,200.8,2.1539999999999998e-07,0.396,7.499e-15,4.275,134.4,2.738e-08,0.401,9.017e-15,100.0,689.2,6.6720000000000015e-06,0.509,CXOU J174512.1-290004,X
71, 2CXO J174516.8-290541,359.8259,-0.01929,0.74,0.73,152.8,15.23,0.9557,0.9644,115.2,53,1545964.1,544.2719999999998,8.441e-15,-0.45399999999999996,187.0,1.737e-07,0.789,8.318000000000001e-15,5.478,148.7,2.142e-08,0.789,1.0579999999999999e-14,100.0,1007.0,9.285e-06,0.831,CXOU J174516.8-290541,X
72, 2CXO J174517.0-285419,359.98781,0.07874,1.02,0.86,27.6,11.84,0.9132,0.812,107.5,62,1686545.7,170.6732,5.396e-15,-2.251,0.00017209999999999998,7.0730000000000015e-09,0.7170000000000001,8.14e-15,47.05,845.9,1.785e-09,0.727,9.522e-15,100.0,2367.0,1.412e-05,0.742,CXOU J174517.1-285420,X
73, 2CXO J174519.8-290114,359.89496,0.00987,0.72,0.71,163.3,22.94,0.9781,0.9869,112.6,59,1575924.0,1489.641,1.0570000000000001e-14,-0.099,374.7,3.6490000000000004e-07,2.0269999999999997,9.159999999999999e-15,4.038,266.5,4.0680000000000004e-08,2.03,1.165e-14,100.0,941.7,9.912000000000001e-06,2.0669999999999997,CXOU J174519.8-290114,X
74, 2CXO J174523.4-290249,359.87917999999996,-0.01499,0.8,0.76,88.3,8.08,0.9244,0.9369,113.2,62,1747520.3,113.52,2.913e-15,-2.885,0.0014060000000000001,1.013e-09,0.601,3.945e-15,134.3,1315.0,2.955e-10,0.628,4.246e-15,99.99,3910.0,1.026e-05,0.652,CXOU J174523.4-290248,X
75, 2CXO J174524.3-290200,359.89256,-0.01055,0.76,0.74,103.5,9.07,0.9032,0.9344,112.7,62,1747520.3,106.0267,9.385e-16,-1.734,0.0004316,5.192e-09,0.9790000000000001,2.28e-15,110.0,196.7,1.7340000000000002e-10,0.9840000000000001,2.864e-15,99.99,1284.0,2.8010000000000004e-06,0.9990000000000001,CXOGC J174524.3-290159,X
76, 2CXO J174527.6-285257,0.02744,0.0577,0.79,0.76,41.0,26.49,0.9831,0.9444,108.5,53,1433100.1,267.6989,4.91e-14,-3.0460000000000003,1.069e-05,8.977e-09,1.014,3.7019999999999996e-14,168.7,1520.0,2.864e-09,1.14,4.684e-14,54.32,3546.0,8.957e-05,1.355,CXOU J174527.6-285258,X
77, 2CXO J174531.4-285943,359.93852000000015,-0.01288,0.79,0.75,12.9,14.72,0.9594,0.9407,110.9,64,1789763.5,96.68493000000001,1.9600000000000007e-15,0.155,485.8,1.718e-07,0.659,1.443e-15,3.133,348.8,2.028e-08,0.659,3.304e-15,13.58,1194.0,2.912e-06,0.6629999999999999,CXOGC J174531.4-285942,X
78, 2CXO J174531.5-290307,359.89047999999997,-0.0428,0.72,0.71,84.6,20.33,0.9919,0.9881,112.2,62,1747520.3,1199.711,9.886e-15,-1.591,34.42,2.228e-08,0.878,9.321e-15,95.5,247.9,6.972e-10,0.888,9.562e-15,100.0,1433.0,1.018e-05,1.012,CXOU J174531.5-290306,X
79, 2CXO J174534.2-290308,359.89522999999997,-0.05148,0.73,0.72,80.1,11.32,0.9831,0.9756,111.9,61,1742542.5,361.2981,1.127e-15,-1.925,1451.0,7.21e-09,1.902,2.7649999999999998e-15,0.8447,8732.0,4.475e-05,1.89,2.559e-15,2.428,7584.0,0.0001183,1.891,CXOGC J174534.2-290308,X
80, 2CXO J174534.7-290308,359.8962,-0.05272999999999999,0.82,0.72,170.8,9.33,0.9769,0.9344,111.8,62,1747520.3,173.2842,1.0990000000000001e-15,-1.276,0.01932,9.671999999999999e-09,1.0659999999999998,1.5449999999999999e-15,64.25,86.73,2.597e-10,1.067,2.675e-15,13.58,1484.0,2.5719999999999997e-06,1.072,CXOGC J174534.7-290308,X
81, 2CXO J174535.5-285439,0.01824,0.018369999999999997,0.82,0.8,18.1,8.4,0.9681,0.9519,109.0,68,1999852.9,127.4476,2.903e-17,-2.18,0.0019149999999999998,3.683e-09,0.45399999999999996,4.1170000000000004e-15,92.32,735.0,3.965e-10,0.457,4.459e-15,99.99,2339.0,6.6129999999999975e-06,0.462,CXOU J174535.5-285439,X
82, 2CXO J174535.7-285811,359.96862000000016,-0.01315,0.72,0.71,87.3,11.89,0.9756,0.9781,109.7,64,1713396.1,307.1249,2.221e-15,-1.2919999999999998,0.001126,9.856e-09,2.488,2.049e-15,131.4,37.55,1.2250000000000002e-10,2.491,2.75e-15,100.0,1063.0,2.439e-06,2.52,CXOGC J174535.7-285811,X
83, 2CXO J174537.0-290110,359.92843,-0.04289,0.72,0.72,78.6,141.86,0.9819,0.9569,110.8,63,1793198.4,227.8489,2.9299999999999997e-17,-0.17,2275.0,1.342e-07,1.6480000000000001,1.941e-15,9.695,1858.0,3.981e-09,1.6480000000000001,2.567e-15,13.58,3720.0,5.2239999999999995e-06,1.6480000000000001,CXOGC J174537.0-290110,X
84, 2CXO J174539.0-285851,359.96532,-0.029210000000000007,0.72,0.72,1.5,8.8,0.9681,0.9369,109.6,77,2217146.9,122.5965,1.9800000000000002e-15,-0.7070000000000001,47.86,2.8310000000000007e-08,0.4920000000000001,2.0329999999999997e-15,9.0,32.16,2.625e-09,0.4920000000000001,2.916e-15,13.58,940.7,2.159e-06,0.512,CXOGC J174539.0-285851,X
85, 2CXO J174539.5-285453,0.02266,0.003820000000000001,0.73,0.73,95.7,18.51,0.9082,0.8844,109.5,67,1978026.6,627.0947,1.666e-14,-1.993,0.00022370000000000002,1.78e-08,0.628,1.874e-12,114.6,575.7,1.052e-09,0.741,1.615e-14,13.58,2909.0,2.632e-05,0.789,CXOU J174539.5-285454,X
86, 2CXO J174539.5-290039,359.94059,-0.04618,0.71,0.71,0.0,26.91,0.9619,0.9781,110.2,82,2443420.9,71.68186999999998,3.339e-15,-0.158,98.55,9.26e-08,0.917,3.4490000000000002e-15,4.118,32.68,1.1200000000000001e-08,0.919,3.705e-15,100.0,433.7,2.3880000000000003e-06,0.9359999999999999,[SME2009] 2846 (or other nearby source),X
87, 2CXO J174540.4-290036,359.94313999999997,-0.04866,0.72,0.71,77.7,10.97,0.9469,0.9569,110.1,81,2432305.8,103.9161,2.569e-15,-0.222,0.000616,5.289e-08,0.8029999999999999,2.168e-15,2.588,2.218e-05,1.834e-08,0.8079999999999999,2.635e-15,13.58,300.6,1.211e-06,0.813,CXOU J174540.4-290036,XB*
88, 2CXO J174542.3-285830,359.97646000000015,-0.03636,0.72,0.72,42.5,10.21,0.9544,0.9519,109.0,64,1827654.3,193.0765,2.286e-15,-2.2430000000000003,0.0017800000000000001,2.792e-09,1.034,3.018e-15,80.66,662.4,3.7269999999999996e-10,1.043,3.89e-15,99.99,2460.0,5.9779999999999985e-06,1.061,CXOGC J174542.3-285830,X
89, 2CXO J174543.6-285628,0.00775,-0.022680000000000002,0.73,0.72,13.2,11.44,0.9532,0.9644,108.6,67,1994862.5,284.9756,3.428e-15,-2.245,0.0005269,3.274e-09,1.072,5.061e-13,148.8,612.9,2.278e-10,1.0859999999999999,4.599e-15,100.0,2371.0,6.679e-06,1.115,CXOGC J174543.6-285629,X
90, 2CXO J174544.9-290027,359.95383,-0.06141,0.71,0.71,90.8,36.66,0.9694,0.9806,109.5,60,1720244.6,4102.8420000000015,2.8130000000000002e-14,-0.175,406.2,8.136e-07,0.95,2.5519999999999998e-14,4.4060000000000015,307.4,8.847000000000002e-08,0.9620000000000001,2.826e-14,100.0,940.9,2.397e-05,1.128,CXOU J174544.9-290027,X
91, 2CXO J174545.4-285952,359.96303,-0.057720000000000014,0.72,0.72,0.0,24.19,0.9494,0.9207,109.2,60,1720275.3,33.0823,2.192e-15,-0.25,2.042e-05,4.2810000000000004e-08,1.061,1.583e-15,3.0589999999999997,7.153e-06,1.122e-08,1.073,2.118e-15,100.0,205.2,1.063e-06,1.104,No object found.,
92, 2CXO J174545.6-290202,359.93249,-0.07711,0.72,0.72,138.9,10.32,0.9369,0.9544,110.0,61,1709082.0,294.2488,2.142e-15,-0.59,2.011e-05,3.114e-08,0.706,1.798e-15,5.119,0.00011779999999999999,5.472e-09,0.7070000000000001,2.759e-15,99.99,444.2,1.754e-06,0.723,CXOU J174545.6-290202,X
93, 2CXO J174546.1-290057,359.94895,-0.06938,0.71,0.71,0.0,23.65,0.9756,0.9831,109.5,62,1759636.8,791.4595,5.544e-15,-2.535,0.0005610000000000001,4.027e-09,1.12,1.36e-13,106.2,886.5,7.132999999999999e-10,1.165,9.018000000000001e-15,100.0,2724.0,1.507e-05,1.251,CXOU J174546.1-290057,X
94, 2CXO J174546.6-290328,359.91417,-0.09287999999999999,0.73,0.72,90.9,13.35,0.9394,0.8645,110.5,61,1709082.0,338.7083,5.908e-15,-0.67,141.6,7.471e-08,0.563,5.381000000000001e-15,12.7,96.06,4.168e-09,0.564,6.795e-15,100.0,850.6,5.44e-06,0.606,CXOU J174546.6-290328,X
95, 2CXO J174546.9-285903,359.97745,-0.055220000000000005,0.72,0.71,66.4,14.17,0.9794,0.9869,108.7,63,1808196.0,604.1948,1.5240000000000001e-15,-1.421,1474.0,3.936e-08,0.903,7.405e-15,91.51,1871.0,1.0340000000000002e-09,0.904,8.434000000000003e-15,100.0,4010.0,2.053e-05,0.9129999999999999,CXOU J174546.9-285903,X
96, 2CXO J174550.2-285416,0.051620000000000006,-0.0241,0.73,0.72,138.2,11.55,0.9432,0.9781,110.3,64,1910278.2,402.3389,7.154e-15,-0.617,145.7,1.414e-07,1.062,8.539e-15,6.894,123.9,1.625e-08,1.061,1.17e-14,100.0,984.7,1.014e-05,1.094,CXOU J174550.1-285415,X
97, 2CXO J174550.4-290015,359.96702,-0.07658999999999999,0.73,0.72,58.6,8.03,0.9457,0.9432,108.7,61,1769025.6,120.1159,1.2080000000000001e-15,-0.405,250.8,4.1879999999999995e-08,1.16,1.471e-15,5.82,184.3,4.293e-09,1.16,2.432e-15,13.58,1499.0,2.395e-06,1.165,No object found.,
98, 2CXO J174553.8-285739,0.01045,-0.06462000000000001,0.76,0.74,62.1,8.47,0.8532,0.7583,108.1,64,1909797.6,85.14200000000002,2.445e-15,0.053,0.0002653,7.752000000000001e-08,1.025,2.016e-15,2.044,0.0001113,3.155e-08,1.034,2.439e-15,13.58,196.6,1.018e-06,1.0590000000000002,CXOGC J174553.8-285739',X
99, 2CXO J174556.2-285635,0.03022,-0.06304,0.75,0.75,0.0,8.84,0.8270000000000001,0.6846,108.8,59,1884083.5,148.1669,2.979e-15,-1.1640000000000001,0.00015219999999999999,1.621e-08,0.7340000000000001,1.3550000000000001e-15,71.02,3.313,2.9760000000000004e-10,0.735,3.4079999999999998e-15,100.0,700.3,2.5109999999999998e-06,0.779,CXOGCS J174556.23-285636.9,X
100, 2CXO J174558.8-285711,0.02655,-0.0762,0.74,0.74,0.0,7.79,0.9756,0.9182,108.5,59,1884579.5,62.184580000000004,2.375e-15,-0.369,458.7,9.283999999999999e-08,1.358,2.977e-15,4.796,409.2,1.226e-08,1.358,4.386e-15,13.58,1753.0,4.734e-06,1.3630000000000002,No object found.,
101, 2CXO J174603.0-285640,0.04172,-0.08481,0.83,0.82,61.1,8.37,0.5284,0.1774,108.9,58,1845888.5,124.6088,1.452e-15,2.977,7.873e-05,4.918e-07,1.209,8.166999999999998e-16,0.1735,18.23,0.00035069999999999996,1.2209999999999999,9.113e-16,0.5979,2.29e-06,1.8609999999999998e-06,1.22,HD 316316,*
102, 2CXO J174604.9-285709,0.0386,-0.0949,0.76,0.75,88.8,7.83,0.4834,0.4097,108.6,58,1846381.4,78.36191,3.401e-15,0.596,2.592e-06,1.9879999999999998e-07,1.003,2.694e-15,1.341,6.34e-06,1.254e-07,1.1320000000000001,2.6059999999999997e-15,100.0,14.2,8.287e-07,1.064,CXOU J174604.9-285709,X
103, 2CXO J174606.3-285810,0.02685,-0.1083,0.72,0.71,136.3,23.33,0.9831,0.9681,108.0,57,1832224.6,1124.221,2.4280000000000002e-14,-2.0909999999999997,374.0,3.2230000000000005e-08,1.141,2.0580000000000002e-14,145.1,1098.0,1.821e-09,1.16,2.867e-14,100.0,2907.0,5.083e-05,1.258,CXOU J174606.3-285810,X
104, 2CXO J174606.3-290532,359.922,-0.17198,0.91,0.81,89.7,10.01,0.9269,0.8082,108.8,56,1721887.2,179.4134,4.638e-15,-0.575,24.64,8.676e-08,0.695,5.061e-15,4.169,28.9,2.063e-08,0.687,6.812999999999999e-15,8.833,1022.0,6.208e-06,0.706,CXOU J174606.2-290533,X
105, 2CXO J174611.2-285347,0.09844,-0.08525,0.71,0.71,69.0,38.13,0.9831,0.9894,111.0,51,1671649.6,2319.133,9.206e-14,-0.7559999999999999,828.0,1.328e-06,1.102,9.132000000000001e-14,45.26,721.2,1.997e-08,1.103,1.023e-13,100.0,2112.0,0.0001412,1.1420000000000001,CXOGCS J174611.20-285347.1,X
106, 2CXO J174613.8-290619,359.92505,-0.20214000000000001,0.89,0.88,16.9,8.54,0.8969,0.7845,108.2,53,1675987.8,67.94835,3.1399999999999997e-15,-0.285,4.178999999999999,7.368e-08,0.843,2.465e-15,2.907,0.00022480000000000002,2.1830000000000004e-08,0.8420000000000001,3.741e-15,100.0,245.0,1.969e-06,0.867,CXOGCS J174613.9-290620,X
107, 2CXO J174621.5-285256,0.13019,-0.11022,0.72,0.71,179.0,14.36,0.9606,0.9756,111.6,9,415423.3,331.3741,9.247000000000001e-14,-0.022000000000000002,340.8,3.45e-06,0.9570000000000001,8.432e-14,3.307,264.1,4.998e-07,0.9620000000000001,9.671e-14,100.0,854.0,7.859999999999999e-05,1.131,GAL 000.13-00.11,X
108, 2CXO J174954.6-294335,359.80709,-1.2090299999999998,0.72,0.71,75.9,13.57,0.8757,0.9444,87.31,3,19152.3,1173.79,3.773e-13,-0.762,36.11,3.274e-06,0.861,2.749e-13,7.922999999999999,32.98,3.943e-07,0.816,3.473e-13,100.0,686.6,0.000256,2.21,OGLE BLG501.24 34423,LP*
109, 2CXO J181123.2-191615,11.30454,-0.25353000000000003,0.8,0.75,69.0,25.62,0.8332,0.8445,162.8,11,374446.3,1590.765,7.535e-14,-0.33899999999999997,21.33,1.224e-06,1.295,7.194e-14,3.4530000000000003,0.7514,2.75e-07,1.215,6.793e-14,100.0,373.8,4.01e-05,1.7109999999999999,AX J181120-1913,X
110, 2CXO J182420.2-245421,7.7438699999999985,-5.55472,0.73,0.72,70.3,15.08,0.9207,0.9719,18.89,5,237078.1,986.1617,2.708e-14,-0.745,109.2,2.692e-07,0.348,2.313e-14,13.49,87.08,1.6e-08,0.358,2.434e-14,100.0,625.1,1.734e-05,1.399,NuSTAR J182429-2454.4,AGN?
111, 2CXO J185637.0+024147,35.92201,0.07789,0.81,0.76,97.0,12.47,0.9582,0.9731,178.0,1,38554.8,777.995,1.421e-13,-0.988,124.3,9.596999999999999e-07,0.996,1.916e-12,81.01,126.2,1.2e-08,0.997,1.2799999999999998e-13,100.0,857.0,0.00010400000000000001,2.463,No object found.,
112, 2CXO J195928.3+404401,76.18978,5.75548,0.71,0.71,177.9,144.06,0.8782,0.8545,30.57,11,243330.2,88231.44,4.077e-12,-1.4580000000000002,6.531e-07,1.044e-05,2.376,4.698e-12,78.34,214.5,3.221e-07,2.924,3.774e-12,100.0,1624.0,0.004265,3.4939999999999998,Cyg A,Sy2
113, 2CXO J222349.5-020612,61.865880000000004,-46.71384000000001,0.71,0.71,147.6,72.29,0.8045,0.7845,5.02,1,45595.7,36400.42,3.1889999999999994e-12,-0.67,2.009e-07,2.939e-05,2.043,3.1830000000000005e-12,7.3729999999999976,3.342e-07,3.4660000000000008e-06,2.201,2.647e-12,100.0,612.4,0.001842,6.0420000000000025,LEDA 68751,Sy1
114, 2CXO J224548.7+394116,98.13136,-17.05837,0.71,0.71,49.7,43.21,0.8907,0.9244,11.59,1,79921.4,11578.19,7.107e-13,-1.4180000000000001,7.172e-07,1.951e-06,2.48,4.622e-13,67.79,2.476,5.071000000000001e-08,3.05,6.742e-13,100.0,1864.0,0.0008389,4.777,3C 452,Sy2
115, 2CXO J230156.1+083442,82.47351,-45.51722,7.32,7.32,0.0,7.87,0.7883,0.8657,5.07,1,103587.4,34.00509,7.755e-14,-0.4920000000000001,3.405e-06,1.001e-06,0.865,5.857000000000002e-14,3.4739999999999998,1.261e-05,2.7940000000000003e-07,0.862,6.502000000000001e-14,100.0,429.2,4.175e-05,0.983,No object found.,
116, 2CXO J231823.6-422213,348.07802000000015,-65.69623,0.71,0.71,1.0,40.68,0.9244,0.8882,1.93,2,14454.3,8444.949,3.3980000000000007e-12,-1.527,3.103e-06,7.832e-06,2.198,2.4380000000000003e-12,87.33,196.6,2.4129999999999997e-07,2.512,3.165e-12,100.0,1427.0,0.0033450000000000003,2.926,NGC 7582,Sy2
117, 2CXO J233625.0+210902,100.42844000000001,-38.42064,0.73,0.72,95.2,10.79,0.6746,0.2948,4.33,2,135621.3,259.6534,2.008e-14,-0.78,1.38e-06,1.6300000000000002e-07,3.928,1.34e-14,51.51,1.023e-05,2.44e-09,3.9560000000000004,1.928e-14,100.0,1425.0,2.12e-05,4.944,IC 5337,EmG
118, 2CXO J234349.4-151704,66.51668000000001,-70.32552,0.71,0.71,179.8,23.44,0.8944,0.5084,1.96,3,125998.9,2726.337,1.741e-13,-3.273,4.797e-05,1.7009999999999998e-08,7.4579999999999975,1.0219999999999999e-10,39.37,2.15e-06,1.1550000000000001e-08,9.196,1.264e-13,100.0,4434.0,0.0003529,8.953,V* R Aqr,Sy*
119, 2CXO J235842.8-322605,4.86367,-77.40195,3.46,2.27,99.9,8.57,0.446,0.0712,1.17,1,48937.2,91.08185,2.522e-14,1.598,4.9850000000000006e-08,4.369e-06,0.9109999999999999,7.432e-15,0.3659,1.0720000000000001e-07,6.415e-05,2.08,2.46e-14,8.749,9.131000000000001e-09,5.8229999999999974e-06,1.013,[RP99] P3,*
